[{"name":"Charizard","type":"Fire/Flying","hp":78,"atk":84,"def":78,"spA":109,"spD":85,"speed":100},{"name":"Blastoise","type":"Water","hp":79,"atk":83,"def":100,"spA":85,"spD":105,"speed":78},{"name":"Venasaur","type":"Grass/Poison","hp":80,"atk":82,"def":83,"spA":100,"spD":100,"speed":80},{"name":"Typhlosion","type":"Fire","hp":78,"atk":84,"def":78,"spA":109,"spD":85,"speed":100},{"name":"Feraligatr","type":"Water","hp":85,"atk":100,"def":100,"spA":79,"spD":83,"speed":78},{"name":"Meganium","type":"Grass","hp":80,"atk":82,"def":100,"spA":83,"spD":100,"speed":80}]